<?xml version="1.0" encoding="UTF-8"?>
<project-private xmlns="http://www.netbeans.org/ns/project-private/1">
    <editor-bookmarks xmlns="http://www.netbeans.org/ns/editor-bookmarks/2" lastBookmarkId="0"/>
    <open-files xmlns="http://www.netbeans.org/ns/projectui-open-files/2">
        <group>
            <file>file:/D:/SEM4/OOP/WEEK%202/TEORI/New%20Folder/pbo_w12s02_011/</file>
            <file>file:/D:/SEM4/OOP/WEEK%202/TEORI/New%20Folder/pbo_w12s02_011/src/org/del/tugas2/Tugas2.java</file>
            <file>file:/D:/SEM4/OOP/WEEK%202/TEORI/New%20Folder/pbo_w12s02_011/src/org/del/tugas3/Tugas3.java</file>
            <file>file:/D:/SEM4/OOP/WEEK%202/TEORI/New%20Folder/pbo_w12s02_011/src/org/del/tugas1/Tugas1.java</file>
        </group>
    </open-files>
</project-private>
